{
	"info": {
		"_postman_id": "c1d8deea-37f9-470f-956b-6a04e4b2b5c8",
		"name": "Online-Shopping",
		"schema": "https://schema.getpostman.com/json/collection/v2.1.0/collection.json",
		"_exporter_id": "25094058"
	},
	"item": [
		{
			"name": "Cart",
			"item": [
				{
					"name": "GetAll",
					"request": {
						"method": "GET",
						"header": [],
						"url": {
							"raw": "http://localhost:8080/online-shopping-store/cart/all",
							"protocol": "http",
							"host": [
								"localhost"
							],
							"port": "8080",
							"path": [
								"online-shopping-store",
								"cart",
								"all"
							]
						}
					},
					"response": []
				},
				{
					"name": "GetById",
					"request": {
						"method": "GET",
						"header": [],
						"url": {
							"raw": "http://localhost:8080/online-shopping-store/cart/1",
							"protocol": "http",
							"host": [
								"localhost"
							],
							"port": "8080",
							"path": [
								"online-shopping-store",
								"cart",
								"1"
							]
						}
					},
					"response": []
				}
			]
		},
		{
			"name": "Category",
			"item": [
				{
					"name": "GetAll",
					"request": {
						"method": "GET",
						"header": [],
						"url": {
							"raw": "http://localhost:8080/online-shopping-store/category/all",
							"protocol": "http",
							"host": [
								"localhost"
							],
							"port": "8080",
							"path": [
								"online-shopping-store",
								"category",
								"all"
							],
							"query": [
								{
									"key": "page",
									"value": "0",
									"disabled": true
								},
								{
									"key": "size",
									"value": "2",
									"disabled": true
								}
							]
						}
					},
					"response": []
				},
				{
					"name": "GetById",
					"request": {
						"method": "GET",
						"header": [],
						"url": {
							"raw": "http://localhost:8080/online-shopping-store/category/1",
							"protocol": "http",
							"host": [
								"localhost"
							],
							"port": "8080",
							"path": [
								"online-shopping-store",
								"category",
								"1"
							]
						}
					},
					"response": []
				},
				{
					"name": "GetActives",
					"request": {
						"method": "GET",
						"header": [],
						"url": {
							"raw": "http://localhost:8080/online-shopping-store/category/actives/false",
							"protocol": "http",
							"host": [
								"localhost"
							],
							"port": "8080",
							"path": [
								"online-shopping-store",
								"category",
								"actives",
								"false"
							],
							"query": [
								{
									"key": "page",
									"value": "0",
									"disabled": true
								},
								{
									"key": "size",
									"value": "3",
									"disabled": true
								}
							]
						}
					},
					"response": []
				},
				{
					"name": "Update",
					"request": {
						"method": "PUT",
						"header": [],
						"body": {
							"mode": "raw",
							"raw": "{\r\n    \"categoryName\": \"Electronics\",\r\n    \"categoryDescription\": \"Electronic devices and accessories\",\r\n    \"isCategoryActive\": true\r\n}",
							"options": {
								"raw": {
									"language": "json"
								}
							}
						},
						"url": {
							"raw": "http://localhost:8080/online-shopping-store/category/1",
							"protocol": "http",
							"host": [
								"localhost"
							],
							"port": "8080",
							"path": [
								"online-shopping-store",
								"category",
								"1"
							],
							"query": [
								{
									"key": "page",
									"value": "0",
									"disabled": true
								},
								{
									"key": "size",
									"value": "3",
									"disabled": true
								}
							]
						}
					},
					"response": []
				},
				{
					"name": "Save",
					"request": {
						"method": "POST",
						"header": [],
						"body": {
							"mode": "raw",
							"raw": "{\r\n    \"categoryName\": \"Toys\",\r\n    \"categoryDescription\": \"Childrens toys and games\",\r\n    \"isCategoryActive\": true\r\n}",
							"options": {
								"raw": {
									"language": "json"
								}
							}
						},
						"url": {
							"raw": "http://localhost:8080/online-shopping-store/category/",
							"protocol": "http",
							"host": [
								"localhost"
							],
							"port": "8080",
							"path": [
								"online-shopping-store",
								"category",
								""
							],
							"query": [
								{
									"key": "page",
									"value": "0",
									"disabled": true
								},
								{
									"key": "size",
									"value": "3",
									"disabled": true
								}
							]
						}
					},
					"response": []
				},
				{
					"name": "Delete",
					"request": {
						"method": "DELETE",
						"header": [],
						"url": {
							"raw": "http://localhost:8080/online-shopping-store/category/4",
							"protocol": "http",
							"host": [
								"localhost"
							],
							"port": "8080",
							"path": [
								"online-shopping-store",
								"category",
								"4"
							],
							"query": [
								{
									"key": "page",
									"value": "0",
									"disabled": true
								},
								{
									"key": "size",
									"value": "3",
									"disabled": true
								}
							]
						}
					},
					"response": []
				}
			]
		},
		{
			"name": "Product",
			"item": [
				{
					"name": "GetAll",
					"request": {
						"method": "GET",
						"header": [],
						"url": {
							"raw": "http://localhost:8080/online-shopping-store/product/all",
							"protocol": "http",
							"host": [
								"localhost"
							],
							"port": "8080",
							"path": [
								"online-shopping-store",
								"product",
								"all"
							],
							"query": [
								{
									"key": "page",
									"value": "0",
									"disabled": true
								},
								{
									"key": "size",
									"value": "2",
									"disabled": true
								}
							]
						}
					},
					"response": []
				},
				{
					"name": "GetById",
					"request": {
						"method": "GET",
						"header": [],
						"url": {
							"raw": "http://localhost:8080/online-shopping-store/product/1",
							"protocol": "http",
							"host": [
								"localhost"
							],
							"port": "8080",
							"path": [
								"online-shopping-store",
								"product",
								"1"
							]
						}
					},
					"response": []
				},
				{
					"name": "GetActives",
					"request": {
						"method": "GET",
						"header": [],
						"url": {
							"raw": "http://localhost:8080/online-shopping-store/product/actives/false",
							"protocol": "http",
							"host": [
								"localhost"
							],
							"port": "8080",
							"path": [
								"online-shopping-store",
								"product",
								"actives",
								"false"
							],
							"query": [
								{
									"key": "page",
									"value": "0",
									"disabled": true
								},
								{
									"key": "size",
									"value": "3",
									"disabled": true
								}
							]
						}
					},
					"response": []
				},
				{
					"name": "Update",
					"request": {
						"method": "PUT",
						"header": [],
						"body": {
							"mode": "raw",
							"raw": "{\r\n    \"productName\": \"Smartphone\",\r\n    \"productDescription\": \"High-end smartphone\",\r\n    \"stock\": 50,\r\n    \"price\": 799.99,\r\n    \"isProductActive\": true,\r\n    \"idCategory\": {\r\n        \"idCategory\": 1\r\n    }\r\n}",
							"options": {
								"raw": {
									"language": "json"
								}
							}
						},
						"url": {
							"raw": "http://localhost:8080/online-shopping-store/product/1",
							"protocol": "http",
							"host": [
								"localhost"
							],
							"port": "8080",
							"path": [
								"online-shopping-store",
								"product",
								"1"
							],
							"query": [
								{
									"key": "page",
									"value": "0",
									"disabled": true
								},
								{
									"key": "size",
									"value": "3",
									"disabled": true
								}
							]
						}
					},
					"response": []
				},
				{
					"name": "Save",
					"request": {
						"method": "POST",
						"header": [],
						"body": {
							"mode": "raw",
							"raw": "{\r\n    \"idProduct\": 1,\r\n    \"productName\": \"Smartphone\",\r\n    \"productDescription\": \"High-end smartphone\",\r\n    \"stock\": 50,\r\n    \"price\": 799.99,\r\n    \"isProductActive\": true,\r\n    \"idCategory\": {\r\n        \"idCategory\": 1\r\n    }\r\n}",
							"options": {
								"raw": {
									"language": "json"
								}
							}
						},
						"url": {
							"raw": "http://localhost:8080/online-shopping-store/product/",
							"protocol": "http",
							"host": [
								"localhost"
							],
							"port": "8080",
							"path": [
								"online-shopping-store",
								"product",
								""
							],
							"query": [
								{
									"key": "page",
									"value": "0",
									"disabled": true
								},
								{
									"key": "size",
									"value": "3",
									"disabled": true
								}
							]
						}
					},
					"response": []
				},
				{
					"name": "Delete",
					"request": {
						"method": "DELETE",
						"header": [],
						"url": {
							"raw": "http://localhost:8080/online-shopping-store/product/4",
							"protocol": "http",
							"host": [
								"localhost"
							],
							"port": "8080",
							"path": [
								"online-shopping-store",
								"product",
								"4"
							],
							"query": [
								{
									"key": "page",
									"value": "0",
									"disabled": true
								},
								{
									"key": "size",
									"value": "3",
									"disabled": true
								}
							]
						}
					},
					"response": []
				}
			]
		},
		{
			"name": "Rating",
			"item": [
				{
					"name": "GetAll",
					"request": {
						"method": "GET",
						"header": [],
						"url": {
							"raw": "http://localhost:8080/online-shopping-store/rating/all",
							"protocol": "http",
							"host": [
								"localhost"
							],
							"port": "8080",
							"path": [
								"online-shopping-store",
								"rating",
								"all"
							],
							"query": [
								{
									"key": "page",
									"value": "0",
									"disabled": true
								},
								{
									"key": "size",
									"value": "2",
									"disabled": true
								}
							]
						}
					},
					"response": []
				},
				{
					"name": "GetById",
					"request": {
						"method": "GET",
						"header": [],
						"url": {
							"raw": "http://localhost:8080/online-shopping-store/rating/1",
							"protocol": "http",
							"host": [
								"localhost"
							],
							"port": "8080",
							"path": [
								"online-shopping-store",
								"rating",
								"1"
							]
						}
					},
					"response": []
				},
				{
					"name": "GetActives",
					"request": {
						"method": "GET",
						"header": [],
						"url": {
							"raw": "http://localhost:8080/online-shopping-store/rating/actives/false",
							"protocol": "http",
							"host": [
								"localhost"
							],
							"port": "8080",
							"path": [
								"online-shopping-store",
								"rating",
								"actives",
								"false"
							],
							"query": [
								{
									"key": "page",
									"value": "0",
									"disabled": true
								},
								{
									"key": "size",
									"value": "3",
									"disabled": true
								}
							]
						}
					},
					"response": []
				},
				{
					"name": "Update",
					"request": {
						"method": "PUT",
						"header": [],
						"body": {
							"mode": "raw",
							"raw": "{\r\n    \"productName\": \"Smartphone\",\r\n    \"productDescription\": \"High-end smartphone\",\r\n    \"stock\": 50,\r\n    \"price\": 799.99,\r\n    \"isProductActive\": true,\r\n    \"idCategory\": {\r\n        \"idCategory\": 1\r\n    }\r\n}",
							"options": {
								"raw": {
									"language": "json"
								}
							}
						},
						"url": {
							"raw": "http://localhost:8080/online-shopping-store/rating/1",
							"protocol": "http",
							"host": [
								"localhost"
							],
							"port": "8080",
							"path": [
								"online-shopping-store",
								"rating",
								"1"
							],
							"query": [
								{
									"key": "page",
									"value": "0",
									"disabled": true
								},
								{
									"key": "size",
									"value": "3",
									"disabled": true
								}
							]
						}
					},
					"response": []
				},
				{
					"name": "Save",
					"request": {
						"method": "POST",
						"header": [],
						"body": {
							"mode": "raw",
							"raw": "{\r\n    \"ratingDetail\": \"I like this product\",\r\n    \"typeRating\": \"POSITIVE\",\r\n    \"dateRating\": \"2023-09-19\",\r\n    \"isRatingActive\": true,\r\n    \"idUser\": {\r\n      \"idUser\": 1\r\n    },\r\n    \"idProduct\": {\r\n      \"idProduct\": 1\r\n    }\r\n}",
							"options": {
								"raw": {
									"language": "json"
								}
							}
						},
						"url": {
							"raw": "http://localhost:8080/online-shopping-store/rating/",
							"protocol": "http",
							"host": [
								"localhost"
							],
							"port": "8080",
							"path": [
								"online-shopping-store",
								"rating",
								""
							],
							"query": [
								{
									"key": "page",
									"value": "0",
									"disabled": true
								},
								{
									"key": "size",
									"value": "3",
									"disabled": true
								}
							]
						}
					},
					"response": []
				},
				{
					"name": "Delete",
					"request": {
						"method": "DELETE",
						"header": [],
						"url": {
							"raw": "http://localhost:8080/online-shopping-store/rating/4",
							"protocol": "http",
							"host": [
								"localhost"
							],
							"port": "8080",
							"path": [
								"online-shopping-store",
								"rating",
								"4"
							],
							"query": [
								{
									"key": "page",
									"value": "0",
									"disabled": true
								},
								{
									"key": "size",
									"value": "3",
									"disabled": true
								}
							]
						}
					},
					"response": []
				}
			]
		},
		{
			"name": "Rol",
			"item": [
				{
					"name": "GetAll",
					"request": {
						"method": "GET",
						"header": [],
						"url": {
							"raw": "http://localhost:8080/online-shopping-store/rol/all",
							"protocol": "http",
							"host": [
								"localhost"
							],
							"port": "8080",
							"path": [
								"online-shopping-store",
								"rol",
								"all"
							],
							"query": [
								{
									"key": "page",
									"value": "0",
									"disabled": true
								},
								{
									"key": "size",
									"value": "2",
									"disabled": true
								}
							]
						}
					},
					"response": []
				},
				{
					"name": "GetById",
					"request": {
						"method": "GET",
						"header": [],
						"url": {
							"raw": "http://localhost:8080/online-shopping-store/rol/1",
							"protocol": "http",
							"host": [
								"localhost"
							],
							"port": "8080",
							"path": [
								"online-shopping-store",
								"rol",
								"1"
							]
						}
					},
					"response": []
				},
				{
					"name": "GetActives",
					"request": {
						"method": "GET",
						"header": [],
						"url": {
							"raw": "http://localhost:8080/online-shopping-store/rol/actives/false",
							"protocol": "http",
							"host": [
								"localhost"
							],
							"port": "8080",
							"path": [
								"online-shopping-store",
								"rol",
								"actives",
								"false"
							],
							"query": [
								{
									"key": "page",
									"value": "0",
									"disabled": true
								},
								{
									"key": "size",
									"value": "3",
									"disabled": true
								}
							]
						}
					},
					"response": []
				},
				{
					"name": "Update",
					"request": {
						"method": "PUT",
						"header": [],
						"body": {
							"mode": "raw",
							"raw": "{\r\n    \"nameRol\": \"Admin\",\r\n    \"isRolActive\": true\r\n}",
							"options": {
								"raw": {
									"language": "json"
								}
							}
						},
						"url": {
							"raw": "http://localhost:8080/online-shopping-store/rol/1",
							"protocol": "http",
							"host": [
								"localhost"
							],
							"port": "8080",
							"path": [
								"online-shopping-store",
								"rol",
								"1"
							],
							"query": [
								{
									"key": "page",
									"value": "0",
									"disabled": true
								},
								{
									"key": "size",
									"value": "3",
									"disabled": true
								}
							]
						}
					},
					"response": []
				},
				{
					"name": "Save",
					"request": {
						"method": "POST",
						"header": [],
						"body": {
							"mode": "raw",
							"raw": "{\r\n    \"nameRol\": \"Guest\",\r\n    \"isRolActive\": true\r\n}",
							"options": {
								"raw": {
									"language": "json"
								}
							}
						},
						"url": {
							"raw": "http://localhost:8080/online-shopping-store/rol/",
							"protocol": "http",
							"host": [
								"localhost"
							],
							"port": "8080",
							"path": [
								"online-shopping-store",
								"rol",
								""
							],
							"query": [
								{
									"key": "page",
									"value": "0",
									"disabled": true
								},
								{
									"key": "size",
									"value": "3",
									"disabled": true
								}
							]
						}
					},
					"response": []
				},
				{
					"name": "Delete",
					"request": {
						"method": "DELETE",
						"header": [],
						"url": {
							"raw": "http://localhost:8080/online-shopping-store/rol/4",
							"protocol": "http",
							"host": [
								"localhost"
							],
							"port": "8080",
							"path": [
								"online-shopping-store",
								"rol",
								"4"
							],
							"query": [
								{
									"key": "page",
									"value": "0",
									"disabled": true
								},
								{
									"key": "size",
									"value": "3",
									"disabled": true
								}
							]
						}
					},
					"response": []
				}
			]
		},
		{
			"name": "User",
			"item": [
				{
					"name": "GetAll",
					"request": {
						"method": "GET",
						"header": [],
						"url": {
							"raw": "http://localhost:8080/online-shopping-store/user/all",
							"protocol": "http",
							"host": [
								"localhost"
							],
							"port": "8080",
							"path": [
								"online-shopping-store",
								"user",
								"all"
							],
							"query": [
								{
									"key": "page",
									"value": "0",
									"disabled": true
								},
								{
									"key": "size",
									"value": "2",
									"disabled": true
								}
							]
						}
					},
					"response": []
				},
				{
					"name": "GetById",
					"request": {
						"method": "GET",
						"header": [],
						"url": {
							"raw": "http://localhost:8080/online-shopping-store/user/1",
							"protocol": "http",
							"host": [
								"localhost"
							],
							"port": "8080",
							"path": [
								"online-shopping-store",
								"user",
								"1"
							]
						}
					},
					"response": []
				},
				{
					"name": "GetActives",
					"request": {
						"method": "GET",
						"header": [],
						"url": {
							"raw": "http://localhost:8080/online-shopping-store/user/actives/true",
							"protocol": "http",
							"host": [
								"localhost"
							],
							"port": "8080",
							"path": [
								"online-shopping-store",
								"user",
								"actives",
								"true"
							],
							"query": [
								{
									"key": "page",
									"value": "0",
									"disabled": true
								},
								{
									"key": "size",
									"value": "3",
									"disabled": true
								}
							]
						}
					},
					"response": []
				},
				{
					"name": "Update",
					"request": {
						"method": "PUT",
						"header": [],
						"body": {
							"mode": "raw",
							"raw": "{\r\n  \"userName\": \"alfredo.alas\",\r\n  \"password\": \"12345\",\r\n  \"userEmail\": \"alfredo.alas@example.com\",\r\n  \"isUserActive\": true,\r\n  \"rolList\": [\r\n    {\r\n      \"idRol\": 1\r\n    },\r\n    {\r\n      \"idRol\": 2\r\n    }\r\n  ]\r\n}",
							"options": {
								"raw": {
									"language": "json"
								}
							}
						},
						"url": {
							"raw": "http://localhost:8080/online-shopping-store/user/2",
							"protocol": "http",
							"host": [
								"localhost"
							],
							"port": "8080",
							"path": [
								"online-shopping-store",
								"user",
								"2"
							],
							"query": [
								{
									"key": "page",
									"value": "0",
									"disabled": true
								},
								{
									"key": "size",
									"value": "3",
									"disabled": true
								}
							]
						}
					},
					"response": []
				},
				{
					"name": "Save",
					"request": {
						"method": "POST",
						"header": [],
						"body": {
							"mode": "raw",
							"raw": "{\r\n  \"userName\": \"test.test\",\r\n  \"password\": \"12345\",\r\n  \"userEmail\": \"test.test@example.com\",\r\n  \"isUserActive\": true,\r\n  \"rolList\": [\r\n    {\r\n      \"idRol\": 1\r\n    }\r\n  ]\r\n}\r\n",
							"options": {
								"raw": {
									"language": "json"
								}
							}
						},
						"url": {
							"raw": "http://localhost:8080/online-shopping-store/user/",
							"protocol": "http",
							"host": [
								"localhost"
							],
							"port": "8080",
							"path": [
								"online-shopping-store",
								"user",
								""
							],
							"query": [
								{
									"key": "page",
									"value": "0",
									"disabled": true
								},
								{
									"key": "size",
									"value": "3",
									"disabled": true
								}
							]
						}
					},
					"response": []
				},
				{
					"name": "Delete",
					"request": {
						"method": "DELETE",
						"header": [],
						"url": {
							"raw": "http://localhost:8080/online-shopping-store/user/4",
							"protocol": "http",
							"host": [
								"localhost"
							],
							"port": "8080",
							"path": [
								"online-shopping-store",
								"user",
								"4"
							],
							"query": [
								{
									"key": "page",
									"value": "0",
									"disabled": true
								},
								{
									"key": "size",
									"value": "3",
									"disabled": true
								}
							]
						}
					},
					"response": []
				}
			]
		},
		{
			"name": "Client Order",
			"item": [
				{
					"name": "GetAll",
					"request": {
						"method": "GET",
						"header": [],
						"url": {
							"raw": "http://localhost:8080/online-shopping-store/client-order/all",
							"protocol": "http",
							"host": [
								"localhost"
							],
							"port": "8080",
							"path": [
								"online-shopping-store",
								"client-order",
								"all"
							],
							"query": [
								{
									"key": "page",
									"value": "0",
									"disabled": true
								},
								{
									"key": "size",
									"value": "2",
									"disabled": true
								}
							]
						}
					},
					"response": []
				},
				{
					"name": "GetById",
					"request": {
						"method": "GET",
						"header": [],
						"url": {
							"raw": "http://localhost:8080/online-shopping-store/client-order/1",
							"protocol": "http",
							"host": [
								"localhost"
							],
							"port": "8080",
							"path": [
								"online-shopping-store",
								"client-order",
								"1"
							]
						}
					},
					"response": []
				},
				{
					"name": "GetActives",
					"request": {
						"method": "GET",
						"header": [],
						"url": {
							"raw": "http://localhost:8080/online-shopping-store/client-order/actives/true",
							"protocol": "http",
							"host": [
								"localhost"
							],
							"port": "8080",
							"path": [
								"online-shopping-store",
								"client-order",
								"actives",
								"true"
							],
							"query": [
								{
									"key": "page",
									"value": "0",
									"disabled": true
								},
								{
									"key": "size",
									"value": "3",
									"disabled": true
								}
							]
						}
					},
					"response": []
				},
				{
					"name": "Update",
					"request": {
						"method": "PUT",
						"header": [],
						"body": {
							"mode": "raw",
							"raw": "{\r\n    \"idClientOrder\": 1,\r\n    \"isClientOrderActive\": true,\r\n    \"dateOrder\": \"2023-09-21\",\r\n    \"idUser\": {\r\n        \"idUser\": 2,\r\n        \"rolList\": [\r\n            {\r\n                \"idRol\": 1\r\n            },\r\n            {\r\n                \"idRol\": 2\r\n            }\r\n        ]\r\n    }\r\n}",
							"options": {
								"raw": {
									"language": "json"
								}
							}
						},
						"url": {
							"raw": "http://localhost:8080/online-shopping-store/client-order/2",
							"protocol": "http",
							"host": [
								"localhost"
							],
							"port": "8080",
							"path": [
								"online-shopping-store",
								"client-order",
								"2"
							],
							"query": [
								{
									"key": "page",
									"value": "0",
									"disabled": true
								},
								{
									"key": "size",
									"value": "3",
									"disabled": true
								}
							]
						}
					},
					"response": []
				},
				{
					"name": "Save",
					"request": {
						"method": "POST",
						"header": [],
						"body": {
							"mode": "raw",
							"raw": "{\r\n    \"idClientOrder\": 1,\r\n    \"isClientOrderActive\": true,\r\n    \"dateOrder\": \"2023-09-21\",\r\n    \"idUser\": {\r\n        \"idUser\": 2,\r\n        \"rolList\": [\r\n            {\r\n                \"idRol\": 1\r\n            },\r\n            {\r\n                \"idRol\": 2\r\n            }\r\n        ]\r\n    }\r\n}\r\n",
							"options": {
								"raw": {
									"language": "json"
								}
							}
						},
						"url": {
							"raw": "http://localhost:8080/online-shopping-store/client-order/",
							"protocol": "http",
							"host": [
								"localhost"
							],
							"port": "8080",
							"path": [
								"online-shopping-store",
								"client-order",
								""
							],
							"query": [
								{
									"key": "page",
									"value": "0",
									"disabled": true
								},
								{
									"key": "size",
									"value": "3",
									"disabled": true
								}
							]
						}
					},
					"response": []
				},
				{
					"name": "Delete",
					"request": {
						"method": "DELETE",
						"header": [],
						"url": {
							"raw": "http://localhost:8080/online-shopping-store/client-order/4",
							"protocol": "http",
							"host": [
								"localhost"
							],
							"port": "8080",
							"path": [
								"online-shopping-store",
								"client-order",
								"4"
							],
							"query": [
								{
									"key": "page",
									"value": "0",
									"disabled": true
								},
								{
									"key": "size",
									"value": "3",
									"disabled": true
								}
							]
						}
					},
					"response": []
				}
			]
		},
		{
			"name": "Order Detail",
			"item": [
				{
					"name": "GetAll",
					"request": {
						"method": "GET",
						"header": [],
						"url": {
							"raw": "http://localhost:8080/online-shopping-store/order-detail/all",
							"protocol": "http",
							"host": [
								"localhost"
							],
							"port": "8080",
							"path": [
								"online-shopping-store",
								"order-detail",
								"all"
							],
							"query": [
								{
									"key": "page",
									"value": "0",
									"disabled": true
								},
								{
									"key": "size",
									"value": "2",
									"disabled": true
								}
							]
						}
					},
					"response": []
				},
				{
					"name": "GetById",
					"request": {
						"method": "GET",
						"header": [],
						"url": {
							"raw": "http://localhost:8080/online-shopping-store/order-detail/1",
							"protocol": "http",
							"host": [
								"localhost"
							],
							"port": "8080",
							"path": [
								"online-shopping-store",
								"order-detail",
								"1"
							]
						}
					},
					"response": []
				},
				{
					"name": "GetActives",
					"request": {
						"method": "GET",
						"header": [],
						"url": {
							"raw": "http://localhost:8080/online-shopping-store/order-detail/actives/true",
							"protocol": "http",
							"host": [
								"localhost"
							],
							"port": "8080",
							"path": [
								"online-shopping-store",
								"order-detail",
								"actives",
								"true"
							],
							"query": [
								{
									"key": "page",
									"value": "0",
									"disabled": true
								},
								{
									"key": "size",
									"value": "3",
									"disabled": true
								}
							]
						}
					},
					"response": []
				},
				{
					"name": "Update",
					"request": {
						"method": "PUT",
						"header": [],
						"body": {
							"mode": "raw",
							"raw": "{\r\n  \"quantity\": 1,\r\n  \"subtotal\": 799.99,\r\n  \"isOrderDetailActive\": true,\r\n  \"idClientOrder\": {\r\n    \"idClientOrder\": 1\r\n  },\r\n  \"idProduct\": {\r\n    \"idProduct\": 1,\r\n    \"idCategory\": {\r\n      \"idCategory\": 1\r\n    }\r\n  }\r\n}",
							"options": {
								"raw": {
									"language": "json"
								}
							}
						},
						"url": {
							"raw": "http://localhost:8080/online-shopping-store/order-detail/2",
							"protocol": "http",
							"host": [
								"localhost"
							],
							"port": "8080",
							"path": [
								"online-shopping-store",
								"order-detail",
								"2"
							],
							"query": [
								{
									"key": "page",
									"value": "0",
									"disabled": true
								},
								{
									"key": "size",
									"value": "3",
									"disabled": true
								}
							]
						}
					},
					"response": []
				},
				{
					"name": "Save",
					"request": {
						"method": "POST",
						"header": [],
						"body": {
							"mode": "raw",
							"raw": "{\r\n  \"quantity\": 1,\r\n  \"subtotal\": 799.99,\r\n  \"isOrderDetailActive\": true,\r\n  \"idClientOrder\": {\r\n    \"idClientOrder\": 1\r\n  },\r\n  \"idProduct\": {\r\n    \"idProduct\": 1,\r\n    \"idCategory\": {\r\n      \"idCategory\": 1\r\n    }\r\n  }\r\n}\r\n\r\n",
							"options": {
								"raw": {
									"language": "json"
								}
							}
						},
						"url": {
							"raw": "http://localhost:8080/online-shopping-store/order-detail/",
							"protocol": "http",
							"host": [
								"localhost"
							],
							"port": "8080",
							"path": [
								"online-shopping-store",
								"order-detail",
								""
							],
							"query": [
								{
									"key": "page",
									"value": "0",
									"disabled": true
								},
								{
									"key": "size",
									"value": "3",
									"disabled": true
								}
							]
						}
					},
					"response": []
				},
				{
					"name": "Delete",
					"request": {
						"method": "DELETE",
						"header": [],
						"url": {
							"raw": "http://localhost:8080/online-shopping-store/order-detail/4",
							"protocol": "http",
							"host": [
								"localhost"
							],
							"port": "8080",
							"path": [
								"online-shopping-store",
								"order-detail",
								"4"
							],
							"query": [
								{
									"key": "page",
									"value": "0",
									"disabled": true
								},
								{
									"key": "size",
									"value": "3",
									"disabled": true
								}
							]
						}
					},
					"response": []
				}
			]
		}
	]
}